,Year,LOCATION,Spending_USD,Life_expectancy
0,1970,AUT,1405.42,73.5
1,1970,BEL,1276.55,74.2
2,1970,CHE,5202.4,76.2
3,1970,CZE,7543.0,73.1
4,1970,DEU,4794.9,73.6
5,1970,DNK,1470.0,75.9
6,1970,ESP,346.06,74.8
7,1970,FIN,92.34,75.0
8,1970,FRA,1179.06,75.9
9,1970,GBR,2162.0,75.0
10,1970,GRC,16.21,76.0
11,1970,IRL,86.98,73.5
12,1970,ISL,7.33,77.3
13,1970,JPN,325000.0,74.7
14,1970,KOR,20770.14,65.8
15,1970,LUX,12.52,73.0
16,1970,NOR,3655.0,77.5
17,1970,NZL,300.0,74.5
18,1970,PRT,26.29,69.7
19,1970,SWE,10697.0,77.3
20,1970,USA,24938.0,74.7
21,1971,AUS,2022.8,74.9
22,1971,AUT,1546.7,73.7
23,1971,BEL,1429.9,74.4
24,1971,CAN,3150.0,76.4
25,1971,CHE,6173.82,76.3
26,1971,DEU,5954.51,73.8
27,1971,DNK,1681.0,75.9
28,1971,FIN,105.12,74.2
29,1971,GBR,2445.0,75.0
30,1971,ISL,10.04,76.5
31,1971,ITA,90.6,74.9
32,1971,JPN,564400.0,75.6
33,1971,KOR,21200.008,66.3
34,1971,LUX,15.2,73.1
35,1971,NOR,4387.0,77.5
36,1971,NZL,350.0,74.6
37,1971,PRT,31.54,69.7
38,1971,SWE,12487.0,77.5
39,1971,USA,28335.0,75.0
40,1972,AUS,2262.0,75.4
41,1972,AUT,1765.95,74.1
42,1972,BEL,1663.61,74.8
43,1972,CHE,6949.65,76.9
44,1972,DEU,6743.43,74.1
45,1972,DNK,1892.0,76.1
46,1972,FIN,129.34,74.9
47,1972,ISL,6.8,76.9
48,1972,JPN,655200.0,75.9
49,1972,KOR,24529.089,66.8
50,1972,LUX,16.86,74.1
51,1972,NLD,576.75,76.8
52,1972,NOR,2398.0,77.7
53,1972,NZL,405.0,74.8
54,1972,PRT,45.31,71.5
55,1972,SWE,13898.0,77.6
56,1972,USA,31868.0,75.1
57,1973,AUS,2719.0,75.5
58,1973,AUT,2040.0,74.6
59,1973,BEL,2019.61,75.0
60,1973,CHE,7858.38,77.1
61,1973,DEU,7790.04,74.4
62,1973,DNK,2144.0,76.3
63,1973,FIN,155.74,75.5
64,1973,ISL,8.5,77.6
65,1973,JPN,419600.0,76.0
66,1973,KOR,27067.178,67.3
67,1973,LUX,19.58,74.6
68,1973,NLD,639.83,77.1
69,1973,NOR,2859.0,77.9
70,1973,NZL,493.0,74.9
71,1973,PRT,59.64,70.6
72,1973,SWE,15397.0,77.8
73,1973,USA,36178.0,75.3
74,1974,AUS,3637.9,75.4
75,1974,AUT,2431.05,74.7
76,1974,BEL,2403.9,75.3
77,1974,CHE,9106.01,77.6
78,1974,DEU,9043.22,74.6
79,1974,DNK,2430.0,76.9
80,1974,FIN,193.25,75.4
81,1974,ISL,9.9,78.0
82,1974,ITA,178.0,75.6
83,1974,JPN,493300.0,76.3
84,1974,KOR,33346.395,67.8
85,1974,LUX,23.5,74.5
86,1974,NLD,699.28,77.6
87,1974,NOR,3394.0,78.2
88,1974,NZL,605.0,75.1
89,1974,PRT,76.69,71.4
90,1974,SWE,18088.0,78.0
91,1974,USA,42781.0,75.9
92,1975,AUS,4794.0,76.2
93,1975,AUT,3299.06,74.7
94,1975,BEL,3321.75,75.3
95,1975,CHE,10307.51,78.1
96,1975,CZE,10871.0,74.1
97,1975,DEU,11176.84,74.5
98,1975,DNK,2723.0,77.1
99,1975,ESP,1272.31,76.3
100,1975,FIN,248.41,75.9
101,1975,FRA,2243.31,76.9
102,1975,ISL,15.7,79.0
103,1975,ISR,0.22,73.9
104,1975,ITA,208.9,75.8
105,1975,JPN,597200.0,76.9
106,1975,KOR,68652.06,68.2
107,1975,LUX,29.77,74.3
108,1975,NLD,790.03,77.7
109,1975,NOR,4196.0,78.3
110,1975,NZL,744.0,75.3
111,1975,PRT,116.71,72.1
112,1975,SWE,22209.0,78.1
113,1975,TUR,0.02,58.3
114,1975,USA,50346.0,76.6
115,1976,AUS,5550.0,76.3
116,1976,AUT,3774.92,75.1
117,1976,BEL,3916.72,75.5
118,1976,CAN,6357.3,77.5
119,1976,CHE,10806.86,78.2
120,1976,DEU,12335.43,75.0
121,1976,DNK,2758.0,76.8
122,1976,ESP,1624.41,76.6
123,1976,FIN,302.4,76.3
124,1976,ISL,21.0,80.2
125,1976,ISR,0.31,74.8
126,1976,ITA,308.4,76.0
127,1976,JPN,688500.0,77.4
128,1976,KOR,96918.847,68.6
129,1976,LUX,67.82,74.3
130,1976,NLD,862.64,77.9
131,1976,NOR,5008.0,78.4
132,1976,NZL,846.0,75.5
133,1976,PRT,140.4,72.6
134,1976,SWE,26213.0,78.0
135,1976,TUR,0.02,58.7
136,1976,USA,57122.0,76.8
137,1977,AUS,6375.0,76.8
138,1977,AUT,4136.54,75.5
139,1977,BEL,4582.31,76.2
140,1977,CHE,11089.22,78.8
141,1977,DEU,12956.65,75.7
142,1977,DNK,3143.0,77.9
143,1977,ESP,2238.08,77.1
144,1977,FIN,351.68,76.9
145,1977,ISL,29.4,79.6
146,1977,ISR,0.49,74.7
147,1977,ITA,394.4,76.7
148,1977,JPN,731900.0,78.0
149,1977,KOR,128663.365,69.1
150,1977,LUX,76.33,76.2
151,1977,NLD,920.27,78.5
152,1977,NOR,5780.0,78.9
153,1977,NZL,991.0,75.6
154,1977,PRT,167.25,73.7
155,1977,SWE,31673.0,78.7
156,1977,TUR,0.03,59.2
157,1977,USA,64822.0,77.2
158,1978,AUS,7041.9,77.2
159,1978,AUT,4550.19,75.7
160,1978,BEL,5071.41,76.1
161,1978,CHE,11554.9,78.8
162,1978,DEU,13891.8,75.7
163,1978,DNK,3453.0,77.6
164,1978,ESP,2883.96,77.4
165,1978,FIN,396.42,77.6
166,1978,IRL,15.24,74.9
167,1978,ISL,40.0,79.6
168,1978,ISR,0.9,75.0
169,1978,ITA,431.3,77.2
170,1978,JPN,862300.0,78.3
171,1978,KOR,188897.315,69.5
172,1978,LUX,89.86,75.6
173,1978,NLD,987.43,78.5
174,1978,NOR,6479.0,78.9
175,1978,NZL,1200.0,75.8
176,1978,PRT,216.96,73.9
177,1978,SWE,35529.0,78.8
178,1978,TUR,0.05,59.6
179,1978,USA,73842.0,77.3
180,1979,AUS,7834.4,77.8
181,1979,AUT,4973.29,76.0
182,1979,BEL,5408.79,76.6
183,1979,CAN,8114.14,78.8
184,1979,CHE,12247.77,79.0
185,1979,DEU,15011.02,76.0
186,1979,DNK,3564.0,77.5
187,1979,ESP,3355.92,78.0
188,1979,FIN,450.41,77.5
189,1979,IRL,17.52,75.0
190,1979,ISR,1.77,75.3
191,1979,ITA,515.6,77.5
192,1979,JPN,958400.0,78.9
193,1979,KOR,301425.466,69.9
194,1979,LUX,98.19,76.5
195,1979,NLD,1043.69,78.9
196,1979,NOR,7008.0,79.1
197,1979,NZL,1300.0,76.0
198,1979,PRT,266.04,74.7
199,1979,SWE,39251.0,78.8
200,1979,TUR,0.07,60.0
201,1979,USA,84516.0,77.8
202,1980,AUS,8869.63,78.1
203,1980,AUT,5417.91,76.1
204,1980,BEL,5682.71,76.7
205,1980,CAN,9334.37,78.8
206,1980,CHE,13224.36,79.0
207,1980,CZE,13961.0,74.0
208,1980,DEU,16425.76,76.2
209,1980,DNK,173.0,77.3
210,1980,ESP,3972.89,78.5
211,1980,FIN,523.57,78.0
212,1980,FRA,3993.28,78.4
213,1980,GBR,171.0,76.6
214,1980,IRL,21.97,75.6
215,1980,ISL,521.8,80.4
216,1980,ISR,4.12,75.7
217,1980,ITA,689.9,77.4
218,1980,JPN,1000300.0,78.8
219,1980,KOR,392884.14,70.4
220,1980,LUX,111.45,75.6
221,1980,NLD,1114.03,79.2
222,1980,NOR,4031.0,79.3
223,1980,NZL,144.0,76.2
224,1980,PRT,393.39,74.9
225,1980,SWE,46427.0,79.0
226,1980,TUR,0.13,60.3
227,1980,USA,98812.0,77.4
228,1981,AUS,10254.6,78.4
229,1981,AUT,4952.8,76.5
230,1981,BEL,6357.97,77.1
231,1981,CAN,11030.72,79.2
232,1981,CHE,14324.49,79.3
233,1981,DEU,17738.25,76.4
234,1981,DNK,195.0,77.5
235,1981,ESP,4507.59,78.8
236,1981,FIN,628.35,78.2
237,1981,GBR,3089.0,76.9
238,1981,IRL,36.06,75.6
239,1981,ISL,835.3,79.8
240,1981,ISR,9.44,75.9
241,1981,ITA,867.5,77.6
242,1981,JPN,1052600.0,79.1
243,1981,KOR,512693.551,70.9
244,1981,LUX,123.57,76.3
245,1981,NLD,1202.52,79.3
246,1981,NOR,4695.0,79.4
247,1981,NZL,1660.0,76.4
248,1981,PRT,493.23,75.2
249,1981,SWE,51400.0,79.3
250,1981,TUR,0.03,60.7
251,1981,USA,114787.0,77.8
252,1982,AUS,11549.57,78.2
253,1982,AUT,5300.97,76.7
254,1982,BEL,7118.31,77.3
255,1982,CAN,13092.76,79.3
256,1982,CHE,15486.09,79.6
257,1982,DEU,17360.92,76.7
258,1982,DNK,225.0,77.8
259,1982,ESP,5319.6,79.4
260,1982,FIN,740.03,78.8
261,1982,GBR,3303.0,76.9
262,1982,IRL,39.49,75.6
263,1982,ISL,1330.1,79.6
264,1982,ISR,22.52,75.8
265,1982,ITA,1101.8,78.0
266,1982,JPN,1097200.0,79.7
267,1982,KOR,555170.843,71.5
268,1982,LUX,136.34,76.4
269,1982,NLD,1333.21,79.4
270,1982,NOR,5573.0,79.7
271,1982,NZL,200.0,76.6
272,1982,PRT,615.31,76.0
273,1982,SWE,56864.0,79.5
274,1982,TUR,0.25,61.1
275,1982,USA,127806.0,78.1
276,1983,AUS,12914.51,78.8
277,1983,AUT,5490.94,76.7
278,1983,BEL,7725.92,77.3
279,1983,CAN,14417.62,79.6
280,1983,CHE,16804.27,79.7
281,1983,DEU,17733.14,77.0
282,1983,DNK,234.0,77.7
283,1983,ESP,6684.72,79.1
284,1983,FIN,860.11,78.5
285,1983,GBR,3460.0,77.2
286,1983,ISL,2555.7,80.6
287,1983,ISR,63.49,76.2
288,1983,ITA,1253.0,78.1
289,1983,JPN,1152300.0,79.8
290,1983,KOR,612895.549,71.9
291,1983,LUX,149.9,77.1
292,1983,NLD,1370.42,79.6
293,1983,NOR,6550.0,79.7
294,1983,NZL,2090.0,76.7
295,1983,PRT,726.17,75.8
296,1983,SWE,63006.0,79.8
297,1983,TUR,0.35,61.9
298,1983,USA,140666.0,78.1
299,1984,AUS,14154.04,79.0
300,1984,AUT,5811.72,77.3
301,1984,BEL,8157.9,78.0
302,1984,CAN,15344.83,79.8
303,1984,CHE,17361.43,80.3
304,1984,DEU,19006.76,77.5
305,1984,DNK,243.0,77.8
306,1984,ESP,7014.12,79.7
307,1984,FIN,1016.19,79.0
308,1984,GBR,3632.0,77.6
309,1984,ISL,3111.3,80.5
310,1984,ISR,360.96,76.6
311,1984,ITA,1488.0,78.2
312,1984,JPN,1259600.0,80.2
313,1984,KOR,638497.144,72.6
314,1984,LUX,164.68,76.9
315,1984,NLD,1493.39,79.7
316,1984,NOR,7022.0,79.8
317,1984,NZL,247.0,76.8
318,1984,PRT,911.5,76.2
319,1984,SWE,68977.0,80.1
320,1984,TUR,0.38,63.1
321,1984,USA,152867.0,78.2
322,1985,AUS,15808.74,78.8
323,1985,AUT,6267.89,77.4
324,1985,BEL,8739.56,78.1
325,1985,CAN,16260.307,79.8
326,1985,CHE,2553.816,80.4
327,1985,CZE,18188.0,74.8
328,1985,DEU,19708.26,78.2
329,1985,DNK,280.0,77.6
330,1985,ESP,7481.48,79.6
331,1985,FIN,1205.07,78.7
332,1985,FRA,8548.54,79.4
333,1985,GBR,3791.0,77.4
334,1985,IRL,52.69,76.1
335,1985,ISL,4243.4,80.4
336,1985,ISR,1040.86,77.0
337,1985,ITA,1715.2,78.8
338,1985,JPN,1379700.0,80.5
339,1985,KOR,699314.778,73.2
340,1985,LUX,5.38,77.3
341,1985,NLD,1601.84,79.8
342,1985,NOR,7645.0,79.5
343,1985,NZL,257.0,77.0
344,1985,PRT,1237.08,76.5
345,1985,SWE,71174.0,79.8
346,1985,TUR,0.37,64.3
347,1985,USA,166248.0,78.2
348,1986,AUS,17925.35,79.2
349,1986,AUT,6719.26,77.8
350,1986,BEL,9375.61,78.2
351,1986,CAN,17637.168,79.9
352,1986,CHE,2765.521,80.5
353,1986,DEU,20133.14,78.4
354,1986,DNK,303.0,77.7
355,1986,ESP,8398.06,79.9
356,1986,FIN,1341.47,78.9
357,1986,GBR,4021.0,77.7
358,1986,IRL,53.2,76.4
359,1986,ISL,5894.0,80.7
360,1986,ISR,1547.52,76.8
361,1986,ITA,1919.4,79.1
362,1986,JPN,1487800.0,80.9
363,1986,KOR,817125.836,73.8
364,1986,LUX,5.98,78.7
365,1986,NLD,1751.14,79.7
366,1986,NOR,8760.0,80.0
367,1986,NZL,331.4,77.1
368,1986,PRT,1714.94,76.8
369,1986,SWE,75268.0,80.2
370,1986,TUR,0.78,65.5
371,1986,USA,181959.0,78.2
372,1987,AUS,19794.82,79.5
373,1987,AUT,7306.96,78.2
374,1987,BEL,9901.86,78.9
375,1987,CAN,18951.09,80.2
376,1987,CHE,2724.251,80.9
377,1987,DEU,20486.95,78.9
378,1987,DNK,402.0,77.9
379,1987,ESP,9505.6,80.2
380,1987,FIN,1533.71,78.8
381,1987,GBR,4378.0,78.0
382,1987,IRL,53.84,77.3
383,1987,ISL,8033.7,79.9
384,1987,ISR,2064.3,77.0
385,1987,ITA,2116.7,79.6
386,1987,JPN,1601900.0,81.4
387,1987,KOR,934129.754,74.3
388,1987,LUX,6.18,77.9
389,1987,NLD,1873.66,80.3
390,1987,NOR,9755.0,79.7
391,1987,NZL,376.1,77.4
392,1987,PRT,1953.2,77.2
393,1987,SWE,82363.0,80.3
394,1987,TUR,1.23,66.7
395,1987,USA,1039.919,78.3
396,1988,AUS,22298.79,79.5
397,1988,AUT,7653.39,78.7
398,1988,BEL,10592.99,79.1
399,1988,CAN,20400.304,80.3
400,1988,CHE,2917.655,81.0
401,1988,DEU,22828.16,79.1
402,1988,DNK,430.0,77.8
403,1988,ESP,11712.02,80.3
404,1988,FIN,1677.17,78.8
405,1988,GBR,4908.0,78.1
406,1988,GRC,799.0,79.3
407,1988,IRL,56.25,77.3
408,1988,ISL,10384.1,79.9
409,1988,ISR,2629.38,77.5
410,1988,ITA,5650.0,79.7
411,1988,JPN,585100.0,81.3
412,1988,KOR,1114368.854,74.8
413,1988,LUX,6.99,79.0
414,1988,NLD,1996.63,80.4
415,1988,NOR,9826.0,79.7
416,1988,NZL,500.6,77.8
417,1988,PRT,2431.04,77.3
418,1988,SWE,88978.0,80.0
419,1988,TUR,2.85,67.5
420,1988,USA,1098.644,78.3
421,1989,AUS,24714.42,79.6
422,1989,AUT,8369.88,78.8
423,1989,BEL,11395.17,79.1
424,1989,CAN,22270.122,80.5
425,1989,CHE,3031.997,81.2
426,1989,CZE,23602.0,75.5
427,1989,DEU,20875.54,79.2
428,1989,DNK,479.0,77.9
429,1989,ESP,13198.12,80.5
430,1989,FIN,1894.97,79.0
431,1989,GBR,5275.0,78.1
432,1989,GRC,992.0,79.5
433,1989,IRL,57.77,77.2
434,1989,ISL,11889.6,80.2
435,1989,ISR,3501.84,78.1
436,1989,ITA,6204.0,80.2
437,1989,JPN,626000.0,81.8
438,1989,KOR,1454379.344,75.3
439,1989,LUX,7.39,78.4
440,1989,NLD,2098.73,80.1
441,1989,NOR,10204.0,80.0
442,1989,NZL,532.3,78.1
443,1989,PRT,2635.64,77.9
444,1989,SWE,99398.0,80.7
445,1989,TUR,5.34,68.0
446,1989,USA,1185.185,78.5
447,1990,AUS,26858.88,80.1
448,1990,AUT,10615.936,79.0
449,1990,BEL,12156.7,79.5
450,1990,CAN,23866.372,80.7
451,1990,CHE,3363.153,80.9
452,1990,CZE,26350.07,75.5
453,1990,DEU,22325.56,80.4
454,1990,DNK,577.0,77.8
455,1990,ESP,15672.45,80.6
456,1990,FIN,2168.62,79.0
457,1990,FRA,9848.72,81.2
458,1990,GBR,1360.0,78.5
459,1990,GRC,1268.0,79.5
460,1990,IRL,60.95,77.7
461,1990,ISL,1335.0,80.7
462,1990,ISR,4096.48,78.4
463,1990,ITA,6621.0,80.3
464,1990,JPN,626500.0,81.9
465,1990,KOR,1648280.997,75.9
466,1990,LUX,7.95,78.7
467,1990,NLD,2338.78,80.2
468,1990,NOR,11733.0,79.9
469,1990,NZL,733.6,78.4
470,1990,POL,246.0,75.3
471,1990,PRT,3087.55,77.5
472,1990,SWE,110875.0,80.5
473,1990,TUR,9.52,69.5
474,1990,USA,1293.286,78.8
475,1991,AUS,28624.64,80.4
476,1991,AUT,11475.666,79.1
477,1991,BEL,13291.48,79.7
478,1991,CAN,25716.263,80.8
479,1991,CHE,3639.743,81.4
480,1991,CZE,32592.72,75.8
481,1991,DNK,500.0,78.1
482,1991,ESP,17425.95,80.7
483,1991,FIN,2407.11,79.5
484,1991,FRA,10807.14,81.4
485,1991,GBR,1597.0,78.6
486,1991,GRC,1525.0,79.8
487,1991,HUN,145500.0,74.0
488,1991,IRL,67.3,77.9
489,1991,ISL,1509.0,81.3
490,1991,ISR,4960.25,78.5
491,1991,ITA,7037.0,80.4
492,1991,JPN,655400.0,82.1
493,1991,KOR,2044965.896,76.4
494,1991,LUX,9.19,79.3
495,1991,NLD,2542.08,80.3
496,1991,NOR,5700.0,80.2
497,1991,NZL,750.5,78.7
498,1991,POL,557.0,75.1
499,1991,PRT,3884.04,77.7
500,1991,SWE,118435.0,80.7
501,1991,TUR,15.69,69.8
502,1991,USA,1363.284,78.9
503,1992,AUS,30330.48,80.4
504,1992,AUT,12583.254,79.3
505,1992,BEL,14294.23,79.9
506,1992,CAN,26670.323,81.1
507,1992,CHE,3687.815,81.6
508,1992,CZE,37015.76,76.3
509,1992,DEU,32010.0,79.3
510,1992,DNK,718.0,78.0
511,1992,ESP,19890.87,81.3
512,1992,FIN,2399.54,79.6
513,1992,FRA,11232.58,81.7
514,1992,GBR,1780.0,79.0
515,1992,GRC,1868.0,79.7
516,1992,HUN,182000.0,74.0
517,1992,IRL,74.91,78.3
518,1992,ISL,1586.0,80.8
519,1992,ISR,6241.0,78.4
520,1992,ITA,7230.0,80.8
521,1992,JPN,693200.0,82.2
522,1992,KOR,2487768.214,76.8
523,1992,LUX,10.66,78.6
524,1992,NLD,2934.6,80.4
525,1992,NOR,5899.0,80.5
526,1992,NZL,901.2,78.9
527,1992,POL,975.0,75.6
528,1992,PRT,4482.47,78.4
529,1992,SWE,122898.0,81.0
530,1992,TUR,26.16,70.2
531,1992,USA,1415.819,79.1
532,1993,AUS,31936.13,80.9
533,1993,AUT,13840.869,79.5
534,1993,BEL,14960.77,79.9
535,1993,CAN,26744.329,80.9
536,1993,CHE,3903.826,81.7
537,1993,CZE,59589.33,76.5
538,1993,DEU,30995.0,79.4
539,1993,DNK,708.0,77.8
540,1993,ESP,21281.65,81.3
541,1993,FIN,2187.12,79.5
542,1993,FRA,11775.43,81.7
543,1993,GBR,1852.0,78.8
544,1993,GRC,2362.0,80.1
545,1993,HUN,220200.0,74.0
546,1993,IRL,71.11,78.1
547,1993,ISL,1840.0,80.8
548,1993,ISR,7551.44,79.1
549,1993,ITA,6516.0,81.0
550,1993,JPN,705800.0,82.5
551,1993,KOR,2621110.702,77.3
552,1993,LUX,11.25,79.6
553,1993,NLD,3190.07,80.1
554,1993,NOR,5963.0,80.3
555,1993,NZL,1047.9,79.1
556,1993,POL,2079.0,75.9
557,1993,PRT,4917.56,78.1
558,1993,SWE,126999.4,80.9
559,1993,TUR,47.97,70.6
560,1993,USA,1553.458,78.8
561,1994,AUS,34069.79,80.9
562,1994,AUT,15188.748,79.8
563,1994,BEL,15355.29,80.2
564,1994,CAN,26172.339,81.0
565,1994,CHE,4004.839,82.0
566,1994,CZE,70175.89,76.8
567,1994,DEU,32989.0,79.7
568,1994,DNK,628.0,78.2
569,1994,ESP,22179.32,81.7
570,1994,FIN,2122.36,80.3
571,1994,FRA,11840.77,82.2
572,1994,GBR,2062.0,79.3
573,1994,GRC,1523.0,80.3
574,1994,HUN,289000.0,74.5
575,1994,IRL,73.9,78.6
576,1994,ISL,1852.0,81.5
577,1994,ISR,9413.58,79.4
578,1994,ITA,5511.0,81.2
579,1994,JPN,705433.0,83.0
580,1994,KOR,3003420.836,77.7
581,1994,LUX,11.48,79.9
582,1994,NLD,3295.81,80.4
583,1994,NOR,6226.0,80.8
584,1994,NZL,1010.5,79.3
585,1994,POL,3455.0,76.1
586,1994,PRT,5305.26,79.0
587,1994,SWE,128684.9,81.6
588,1994,TUR,91.71,71.0
589,1994,USA,1701.416,79.0
590,1995,AUS,36586.62,80.8
591,1995,AUT,15759.729,80.1
592,1995,BEL,15826.0,80.4
593,1995,CAN,25511.574,81.0
594,1995,CHE,266.562,81.9
595,1995,CZE,81649.5,76.8
596,1995,DEU,34126.0,79.9
597,1995,DNK,771.0,77.9
598,1995,ESP,911.63,81.8
599,1995,FIN,2008.734,80.4
600,1995,FRA,9418.92,82.2
601,1995,GBR,2089.0,79.2
602,1995,GRC,1728.0,80.4
603,1995,HUN,325200.0,74.8
604,1995,IRL,78.34,78.3
605,1995,ISL,1953.0,80.1
606,1995,ISR,82.735,79.5
607,1995,ITA,5314.0,81.5
608,1995,JPN,1118752.571,82.9
609,1995,KOR,3280792.273,77.9
610,1995,LUX,11.53,80.6
611,1995,NLD,3546.29,80.5
612,1995,NOR,6795.0,80.9
613,1995,NZL,1080.0,79.5
614,1995,POL,4496.0,76.4
615,1995,PRT,6409.89,79.0
616,1995,SWE,137345.6,81.7
617,1995,TUR,163.59,71.3
618,1995,USA,1784.997,78.9
619,1996,AUS,39280.16,81.1
620,1996,AUT,16217.316,80.2
621,1996,BEL,16744.0,80.7
622,1996,CAN,25205.239,81.2
623,1996,CHE,241.693,82.2
624,1996,CZE,91649.4,77.5
625,1996,DEU,35745.0,80.1
626,1996,DNK,796.0,78.3
627,1996,ESP,952.14,82.0
628,1996,FIN,2109.518,80.7
629,1996,FRA,9319.09,82.3
630,1996,GBR,2141.0,79.4
631,1996,GRC,1933.0,80.6
632,1996,HUN,381800.0,75.0
633,1996,IRL,80.74,78.7
634,1996,ISL,2219.0,81.2
635,1996,ISR,106.518,80.0
636,1996,ITA,5807.0,81.8
637,1996,JPN,1118752.571,83.6
638,1996,KOR,3648501.092,78.3
639,1996,LUX,446.75,80.2
640,1996,NLD,3667.45,80.5
641,1996,NOR,7252.0,81.2
642,1996,NZL,1135.1,79.7
643,1996,POL,5912.0,76.6
644,1996,PRT,7030.71,79.0
645,1996,SWE,144819.7,81.7
646,1996,TUR,359.07,71.8
647,1996,USA,1889.648,79.1
648,1997,AUS,41686.3,81.3
649,1997,AUT,16954.951,80.7
650,1997,BEL,17200.0,80.7
651,1997,CAN,24777.799,81.3
652,1997,CHE,232.863,82.2
653,1997,CZE,98584.0,77.6
654,1997,DEU,36023.0,80.5
655,1997,DNK,787.0,78.6
656,1997,ESP,865.95,82.4
657,1997,FIN,2171.004,80.7
658,1997,FRA,9323.55,82.6
659,1997,GBR,3901.659,79.5
660,1997,GRC,2264.0,81.0
661,1997,HUN,445800.0,75.5
662,1997,IRL,92.82,78.7
663,1997,ISL,3132.0,81.6
664,1997,ISR,134.245,80.1
665,1997,ITA,6383.0,82.0
666,1997,JPN,1428011.517,83.8
667,1997,KOR,3754869.175,78.7
668,1997,LUX,462.64,80.0
669,1997,NLD,3814.93,80.7
670,1997,NOR,18679.0,81.1
671,1997,NZL,1162.8,80.0
672,1997,POL,8235.0,77.0
673,1997,PRT,7587.32,79.4
674,1997,SVK,1265.65,76.9
675,1997,SWE,147763.6,82.0
676,1997,TUR,491.48,72.2
677,1997,USA,2036.774,79.4
678,1998,AUS,44923.127,81.5
679,1998,AUT,17966.475,81.0
680,1998,BEL,18138.0,80.7
681,1998,CAN,25757.228,81.4
682,1998,CHE,252.742,82.7
683,1998,CZE,107961.21,78.2
684,1998,DEU,35695.0,80.8
685,1998,DNK,53.0,79.0
686,1998,ESP,926.22,82.4
687,1998,FIN,2269.647,81.0
688,1998,FRA,9536.98,82.7
689,1998,GBR,4130.359,79.8
690,1998,GRC,3419.0,80.9
691,1998,HUN,515179.0,75.6
692,1998,IRL,105.13,79.1
693,1998,ISL,4268.8,81.6
694,1998,ISR,226.891,80.3
695,1998,ITA,7018.0,82.1
696,1998,JPN,1648186.548,84.0
697,1998,KOR,3290962.102,79.0
698,1998,LUX,492.07,80.8
699,1998,NLD,21.0,80.8
700,1998,NOR,19720.0,81.4
701,1998,NZL,1305.4,80.2
702,1998,POL,9500.0,77.4
703,1998,PRT,8221.36,79.6
704,1998,SVK,1355.54,77.0
705,1998,SWE,157003.9,82.1
706,1998,TUR,1068.42,72.3
707,1998,USA,2196.613,79.5
708,1999,AUS,48467.575,81.8
709,1999,AUT,18962.31,81.0
710,1999,BEL,19294.0,81.0
711,1999,CAN,25529.568,81.6
712,1999,CHE,255.778,82.7
713,1999,CZE,2677.0,78.3
714,1999,DEU,36011.0,81.0
715,1999,DNK,58.0,79.0
716,1999,ESP,3747.0,82.3
717,1999,EST,236.085,76.1
718,1999,FIN,2354.087,81.2
719,1999,FRA,9943.12,82.7
720,1999,GBR,4296.486,79.8
721,1999,GRC,3523.0,81.1
722,1999,HUN,570819.0,75.6
723,1999,IRL,114.15,78.9
724,1999,ISL,4403.73,81.4
725,1999,ISR,276.631,80.4
726,1999,ITA,7771.0,82.6
727,1999,JPN,1998917.213,84.0
728,1999,KOR,3836403.653,79.2
729,1999,LUX,10.8,81.4
730,1999,MEX,118095.9,76.7
731,1999,NLD,22.0,80.5
732,1999,NOR,21359.0,81.2
733,1999,NZL,1333.4,80.5
734,1999,POL,11021.0,77.5
735,1999,PRT,9116.7,79.8
736,1999,SVK,0.66,77.4
737,1999,SWE,165927.6,82.0
738,1999,TUR,170.54,72.7
739,1999,USA,2330.14,79.4
740,2000,ARG,26119.824,77.0
741,2000,AUS,53682.574,82.0
742,2000,AUT,19659.729,81.2
743,2000,BEL,20508.0,81.0
744,2000,BRA,99939.271,72.8
745,2000,CAN,27847.616,81.8
746,2000,CHE,260.936,82.8
747,2000,CHL,1379239.57,79.5
748,2000,CHN,449921.772,73.6
749,2000,COL,8412342.426,75.0
750,2000,CRI,95913.5,80.2
751,2000,CZE,581.0,78.5
752,2000,DEU,36311.0,81.2
753,2000,DNK,63.0,79.2
754,2000,ESP,3973.0,82.8
755,2000,EST,245.29,76.4
756,2000,FIN,2493.9,81.2
757,2000,FRA,10307.61,83.0
758,2000,GBR,5025.144,80.2
759,2000,GRC,3926.0,81.3
760,2000,HUN,628984.0,76.2
761,2000,IDN,28008789.723,68.0
762,2000,IND,878571.421,63.1
763,2000,IRL,134.59,79.2
764,2000,ISL,5493.164,81.6
765,2000,ISR,312.943,80.9
766,2000,ITA,9173.0,82.8
767,2000,JPN,2311220.579,84.6
768,2000,KOR,4366215.976,79.7
769,2000,LTU,567.066,77.4
770,2000,LUX,2.009,81.3
771,2000,MEX,134662.1,77.4
772,2000,NLD,25.0,80.7
773,2000,NOR,22383.0,81.5
774,2000,NZL,1375.17,80.8
775,2000,PER,7764.002,72.3
776,2000,POL,12317.0,78.0
777,2000,PRT,621.019,80.4
778,2000,SVK,0.53,77.5
779,2000,SVN,1471.309,79.9
780,2000,SWE,176442.8,82.0
781,2000,TUR,274.81,73.1
782,2000,USA,2483.445,79.3
783,2000,ZAF,77264.72,62.0
784,2001,ARG,25150.64,77.2
785,2001,AUS,58049.003,82.4
786,2001,AUT,20441.416,81.7
787,2001,BEL,21543.0,81.2
788,2001,BRA,112492.308,73.4
789,2001,CAN,29654.884,82.0
790,2001,CHE,274.425,83.2
791,2001,CHL,1523822.838,79.8
792,2001,CHN,469514.866,74.2
793,2001,COL,9740982.278,75.4
794,2001,CRI,107600.651,80.4
795,2001,CZE,549.0,78.5
796,2001,DEU,37259.0,81.4
797,2001,DNK,62.0,79.3
798,2001,ESP,4443.0,83.2
799,2001,EST,261.744,76.5
800,2001,FIN,2826.122,81.7
801,2001,FRA,10951.67,83.0
802,2001,GBR,5518.784,80.4
803,2001,GRC,4473.0,81.9
804,2001,HUN,2021.0,76.7
805,2001,IDN,37933700.676,68.0
806,2001,IND,1004245.156,63.6
807,2001,IRL,156.18,79.9
808,2001,ISL,6225.504,83.2
809,2001,ISR,346.566,81.2
810,2001,ITA,12286.0,83.2
811,2001,JPN,2703143.806,84.9
812,2001,KOR,3697396.212,80.1
813,2001,LTU,610.108,77.4
814,2001,LUX,2.697,80.7
815,2001,MEX,31930.95,77.7
816,2001,NLD,28.0,80.8
817,2001,NOR,24154.0,81.6
818,2001,NZL,1657.0,81.1
819,2001,PER,8450.502,72.9
820,2001,POL,12835.0,78.4
821,2001,PRT,672.981,80.7
822,2001,SVK,0.4,77.7
823,2001,SVN,1665.598,80.4
824,2001,SWE,197803.0,82.2
825,2001,TUR,522.39,73.5
826,2001,USA,2689.447,79.5
827,2001,ZAF,83053.23,61.0
828,2002,ARG,25838.589,77.6
829,2002,AUS,63222.29,82.6
830,2002,AUT,21301.241,81.7
831,2002,BEL,22730.0,81.2
832,2002,BRA,129477.955,74.0
833,2002,CAN,31681.542,82.0
834,2002,CHE,274.641,83.2
835,2002,CHL,1647322.218,80.0
836,2002,CHN,531756.97,75.3
837,2002,COL,10467407.437,75.7
838,2002,CRI,125760.343,80.6
839,2002,CZE,663.0,78.7
840,2002,DEU,37998.0,81.3
841,2002,DNK,65.0,79.4
842,2002,ESP,1327.51,83.3
843,2002,EST,281.691,77.2
844,2002,FIN,2905.617,81.6
845,2002,FRA,11359.02,83.0
846,2002,GBR,5826.054,80.5
847,2002,GRC,5322.0,82.0
848,2002,HUN,5186.0,76.7
849,2002,IDN,39245773.173,68.5
850,2002,IND,1075444.952,64.1
851,2002,IRL,167.0,80.4
852,2002,ISL,7081.684,82.5
853,2002,ISR,406.1,81.5
854,2002,ITA,12450.0,83.2
855,2002,JPN,2927595.802,85.2
856,2002,KOR,3527100.502,80.3
857,2002,LTU,689.689,77.4
858,2002,LUX,3.47,81.5
859,2002,LVA,240.186,75.8
860,2002,MEX,35935.95,77.7
861,2002,NLD,36.0,80.7
862,2002,NOR,26714.0,81.6
863,2002,NZL,1714.84,81.3
864,2002,PER,9371.4,73.4
865,2002,POL,91.65,78.8
866,2002,PRT,739.901,80.8
867,2002,SVK,38.47,77.7
868,2002,SVN,478.58,80.5
869,2002,SWE,213325.0,82.1
870,2002,TUR,744.15,73.9
871,2002,USA,2888.224,79.6
872,2002,ZAF,90862.669,59.5
873,2003,ARG,28977.101,78.1
874,2003,AUS,68060.817,82.8
875,2003,AUT,22136.464,81.5
876,2003,BEL,25770.408,81.1
877,2003,BGR,11.842,75.9
878,2003,BRA,140682.91,74.2
879,2003,CAN,33719.107,82.2
880,2003,CHE,266.573,83.2
881,2003,CHL,1832849.485,80.2
882,2003,CHN,605863.143,75.6
883,2003,COL,12192350.135,76.1
884,2003,CRI,147631.429,80.8
885,2003,CZE,1265.222,78.6
886,2003,DEU,39156.0,81.3
887,2003,DNK,82.0,79.8
888,2003,ESP,5295.0,83.0
889,2003,EST,342.338,77.2
890,2003,FIN,3072.87,81.9
891,2003,FRA,6420.052,82.8
892,2003,GBR,6053.707,80.5
893,2003,GRC,4059.006,82.0
894,2003,HRV,18.657,78.1
895,2003,HUN,28665.22,76.7
896,2003,IDN,49242371.184,68.7
897,2003,IND,1139010.781,64.7
898,2003,IRL,206.0,80.7
899,2003,ISL,7639.609,82.5
900,2003,ISR,384.394,81.8
901,2003,ITA,12039.0,82.8
902,2003,JPN,3165041.705,85.3
903,2003,KOR,3564400.731,80.8
904,2003,LTU,776.422,77.7
905,2003,LUX,3.734,80.8
906,2003,LVA,261.344,75.7
907,2003,MEX,50310.58,77.7
908,2003,NLD,24.0,81.0
909,2003,NOR,29022.0,82.1
910,2003,NZL,11158.0,81.5
911,2003,PER,9339.6,73.9
912,2003,POL,104.0,78.8
913,2003,PRT,794.944,80.8
914,2003,ROU,179.3,74.8
915,2003,SVK,38.7,77.7
916,2003,SVN,502.443,80.3
917,2003,SWE,224861.0,82.5
918,2003,TUR,169.0,74.4
919,2003,USA,3031.557,79.7
920,2003,ZAF,104938.719,57.7
921,2004,ARG,35067.424,77.3
922,2004,AUS,74799.592,83.0
923,2004,AUT,23530.559,82.1
924,2004,BEL,27687.601,81.9
925,2004,BGR,15.153,76.2
926,2004,BRA,159065.617,74.4
927,2004,CAN,36192.533,82.4
928,2004,CHE,351.701,83.8
929,2004,CHL,1961488.68,80.5
930,2004,CHN,692776.189,76.0
931,2004,COL,13244279.02,76.5
932,2004,CRI,173238.12,81.0
933,2004,CZE,1140.743,79.1
934,2004,DEU,37573.0,81.9
935,2004,DNK,77.0,80.2
936,2004,ESP,5718.0,83.7
937,2004,EST,388.467,78.0
938,2004,FIN,3457.889,82.5
939,2004,FRA,6768.115,83.9
940,2004,GBR,6137.562,81.0
941,2004,GRC,4306.128,82.2
942,2004,HRV,22.43,78.8
943,2004,HUN,26272.731,77.2
944,2004,IDN,52937209.907,69.2
945,2004,IND,1283069.696,65.3
946,2004,IRL,8902.996,81.1
947,2004,ISL,7996.51,83.2
948,2004,ISR,367.412,82.4
949,2004,ITA,13252.0,83.7
950,2004,JPN,3418846.14,85.6
951,2004,KOR,3738405.747,81.2
952,2004,LTU,247.195,77.7
953,2004,LUX,4.519,82.4
954,2004,LVA,52.436,76.0
955,2004,MEX,68201.07,78.0
956,2004,NLD,27.0,81.5
957,2004,NOR,30699.0,82.5
958,2004,NZL,36.2,81.7
959,2004,PER,9997.5,74.4
960,2004,POL,121.0,79.2
961,2004,PRT,870.935,81.8
962,2004,ROU,453.8,75.1
963,2004,SVK,14.21,78.0
964,2004,SVN,525.729,80.8
965,2004,SWE,230084.0,82.8
966,2004,TUR,167.896,74.8
967,2004,USA,3193.335,80.1
968,2004,ZAF,114652.675,56.2
969,2005,ARG,44335.736,78.1
970,2005,AUS,79615.63,83.3
971,2005,AUT,24459.878,82.2
972,2005,BEL,28597.086,81.9
973,2005,BGR,13.728,76.2
974,2005,BRA,174415.002,74.9
975,2005,CAN,38133.918,82.5
976,2005,CHE,404.708,84.0
977,2005,CHL,2134711.7,80.7
978,2005,CHN,783667.297,76.4
979,2005,COL,15205451.746,76.8
980,2005,CRI,209176.004,81.2
981,2005,CZE,1409.682,79.2
982,2005,DEU,36308.0,82.0
983,2005,DNK,84.0,80.5
984,2005,ESP,6319.0,83.6
985,2005,EST,447.267,78.2
986,2005,FIN,3754.963,82.5
987,2005,FRA,6911.404,83.9
988,2005,GBR,6728.508,81.2
989,2005,GRC,4425.118,82.5
990,2005,HRV,16.873,78.8
991,2005,HUN,0.198,77.2
992,2005,IDN,76397210.998,67.1
993,2005,IND,1400216.132,65.8
994,2005,IRL,10265.102,81.3
995,2005,ISL,8213.957,83.5
996,2005,ISR,353.427,82.2
997,2005,ITA,13554.0,83.6
998,2005,JPN,3829951.968,85.5
999,2005,KOR,4164556.347,81.6
1000,2005,LTU,295.868,77.4
1001,2005,LUX,4.857,82.3
1002,2005,LVA,73.726,76.3
1003,2005,MEX,61932.88,77.8
1004,2005,NLD,28.0,81.7
1005,2005,NOR,32383.0,82.7
1006,2005,NZL,35.973,81.9
1007,2005,PER,11415.3,74.7
1008,2005,POL,370.0,79.3
1009,2005,PRT,894.959,81.5
1010,2005,ROU,394.7,75.4
1011,2005,SVK,490.673,78.1
1012,2005,SVN,559.342,80.9
1013,2005,SWE,238908.0,82.9
1014,2005,TUR,194.349,75.2
1015,2005,USA,3362.93,80.1
1016,2005,ZAF,126057.91,55.7
1017,2006,ARG,54697.414,78.5
1018,2006,AUS,86812.696,83.5
1019,2006,AUT,25526.705,82.8
1020,2006,BEL,29685.132,82.3
1021,2006,BGR,18.076,76.3
1022,2006,BRA,198768.19,75.4
1023,2006,CAN,43145.023,82.9
1024,2006,CHE,392.959,84.2
1025,2006,CHL,2274065.191,80.9
1026,2006,CHN,866844.095,76.8
1027,2006,COL,17981629.476,77.0
1028,2006,CRI,250299.888,81.4
1029,2006,CZE,1359.214,79.9
1030,2006,DEU,37252.0,82.4
1031,2006,DNK,93.0,80.7
1032,2006,ESP,6867.0,84.4
1033,2006,EST,507.876,78.6
1034,2006,FIN,4125.16,83.1
1035,2006,FRA,7263.219,84.5
1036,2006,GBR,7187.815,81.5
1037,2006,GRC,4555.727,82.7
1038,2006,HRV,24.853,79.3
1039,2006,HUN,0.2,77.8
1040,2006,IDN,95134626.799,69.3
1041,2006,IND,1561030.253,66.4
1042,2006,IRL,10817.078,81.7
1043,2006,ISL,8857.775,82.9
1044,2006,ISR,1369.0,82.5
1045,2006,ITA,14125.0,84.1
1046,2006,JPN,3925711.538,85.8
1047,2006,KOR,4092540.464,82.1
1048,2006,LTU,324.711,77.1
1049,2006,LUX,4.777,81.9
1050,2006,LVA,118.1,76.1
1051,2006,MEX,65732.82,78.2
1052,2006,NLD,29.0,82.0
1053,2006,NOR,33809.0,82.9
1054,2006,NZL,37.771,82.2
1055,2006,PER,12625.2,75.0
1056,2006,POL,408.0,79.7
1057,2006,PRT,823.217,82.5
1058,2006,ROU,353.1,76.1
1059,2006,SVK,545.243,78.4
1060,2006,SVN,584.918,82.0
1061,2006,SWE,251365.0,83.1
1062,2006,TUR,222.022,75.6
1063,2006,USA,3569.393,80.3
1064,2006,ZAF,141490.632,55.4
1065,2007,ARG,70274.355,78.7
1066,2007,AUS,94980.374,83.7
1067,2007,AUT,27069.055,83.1
1068,2007,BEL,31394.011,82.6
1069,2007,BGR,21.06,76.6
1070,2007,BRA,223111.355,75.7
1071,2007,CAN,45931.31,82.9
1072,2007,CHE,377.21,84.4
1073,2007,CHL,2521656.46,81.1
1074,2007,CHN,994062.118,77.2
1075,2007,COL,20349030.542,77.3
1076,2007,CRI,300388.013,81.6
1077,2007,CZE,1865.801,80.2
1078,2007,DEU,38373.0,82.7
1079,2007,DNK,112.0,80.6
1080,2007,ESP,7803.0,84.4
1081,2007,EST,642.927,78.9
1082,2007,FIN,4349.847,83.1
1083,2007,FRA,7502.486,84.8
1084,2007,GBR,7516.58,81.6
1085,2007,GRC,4688.015,82.5
1086,2007,HRV,29.982,79.2
1087,2007,HUN,30520.423,77.8
1088,2007,IDN,121344275.812,69.8
1089,2007,IND,1754229.718,66.9
1090,2007,IRL,12191.373,82.1
1091,2007,ISL,9392.805,83.4
1092,2007,ISR,1648.0,82.4
1093,2007,ITA,13837.0,84.2
1094,2007,JPN,4283136.646,86.0
1095,2007,KOR,4422524.746,82.5
1096,2007,LTU,339.31,77.2
1097,2007,LUX,5.67,82.2
1098,2007,LVA,103.904,76.2
1099,2007,MEX,72991.98,78.0
1100,2007,NLD,31.0,82.5
1101,2007,NOR,36384.0,82.9
1102,2007,NZL,45.836,82.3
1103,2007,PER,14150.0,75.2
1104,2007,POL,450.0,79.8
1105,2007,PRT,839.1,82.5
1106,2007,ROU,404.8,76.8
1107,2007,SVK,687.977,78.4
1108,2007,SVN,605.396,82.0
1109,2007,SWE,265492.0,83.1
1110,2007,TUR,246.442,75.9
1111,2007,USA,3894.754,80.6
1112,2007,ZAF,162038.799,55.9
1113,2008,ARG,94072.052,78.5
1114,2008,AUS,104035.743,83.7
1115,2008,AUT,28570.243,83.3
1116,2008,BEL,33750.236,82.6
1117,2008,BGR,14.384,77.0
1118,2008,BRA,249135.172,75.9
1119,2008,CAN,48972.737,83.1
1120,2008,CHE,404.875,84.6
1121,2008,CHL,2758088.147,81.3
1122,2008,CHN,1240464.13,77.5
1123,2008,COL,23401535.773,77.5
1124,2008,CRI,357252.183,81.8
1125,2008,CZE,2516.121,80.5
1126,2008,DEU,39892.0,82.7
1127,2008,DNK,121.0,81.0
1128,2008,ESP,8578.0,84.6
1129,2008,EST,756.016,79.5
1130,2008,FIN,4662.656,83.3
1131,2008,FRA,7977.081,84.8
1132,2008,GBR,8147.633,81.7
1133,2008,GRC,4839.031,83.0
1134,2008,HRV,22.065,79.7
1135,2008,HUN,29735.55,78.3
1136,2008,IDN,137993073.06,69.9
1137,2008,IND,1978786.306,67.3
1138,2008,IRL,13556.663,82.4
1139,2008,ISL,10820.196,83.3
1140,2008,ISR,1850.0,83.0
1141,2008,ITA,13893.0,84.2
1142,2008,JPN,4554624.116,86.1
1143,2008,KOR,4514695.216,83.0
1144,2008,LTU,394.439,77.6
1145,2008,LUX,9.228,83.1
1146,2008,LVA,113.636,77.5
1147,2008,MEX,2512.3,78.1
1148,2008,NLD,26.0,82.5
1149,2008,NOR,40094.0,83.2
1150,2008,NZL,2287.168,82.5
1151,2008,PER,16077.3,75.3
1152,2008,POL,736.689,80.0
1153,2008,PRT,920.329,82.7
1154,2008,ROU,647.7,77.5
1155,2008,SVK,671.646,79.0
1156,2008,SVN,662.882,82.6
1157,2008,SWE,280086.0,83.3
1158,2008,TUR,307.35,76.2
1159,2008,USA,4088.614,80.6
1160,2008,ZAF,186687.811,56.9
1161,2009,ARG,118004.113,78.9
1162,2009,AUS,111424.818,83.9
1163,2009,AUT,29454.877,83.2
1164,2009,BEL,35760.084,82.8
1165,2009,BGR,16.139,77.4
1166,2009,BRA,279802.128,76.1
1167,2009,CAN,51104.582,83.3
1168,2009,CHE,409.096,84.6
1169,2009,CHL,3095318.019,81.5
1170,2009,CHN,1512134.176,77.6
1171,2009,COL,27275949.708,77.7
1172,2009,CRI,365789.711,82.0
1173,2009,CZE,4064.73,80.5
1174,2009,DEU,49730.0,82.8
1175,2009,DNK,128.0,81.1
1176,2009,ESP,8759.0,85.0
1177,2009,EST,744.931,80.3
1178,2009,FIN,4859.034,83.5
1179,2009,FRA,8212.511,85.0
1180,2009,GBR,8022.628,82.2
1181,2009,GRC,4460.881,83.3
1182,2009,HRV,40.481,79.7
1183,2009,HUN,26413.162,78.4
1184,2009,IDN,157692855.748,69.9
1185,2009,IND,2257769.037,67.8
1186,2009,IRL,13748.166,82.7
1187,2009,ISL,12271.182,83.8
1188,2009,ISR,1850.0,83.3
1189,2009,ITA,14232.0,84.3
1190,2009,JPN,4923278.94,86.4
1191,2009,KOR,4965881.795,83.4
1192,2009,LTU,369.361,78.7
1193,2009,LUX,9.098,83.3
1194,2009,LVA,114.048,77.7
1195,2009,MEX,2709.27,77.9
1196,2009,NLD,23.0,82.9
1197,2009,NOR,41841.0,83.2
1198,2009,NZL,2309.867,82.6
1199,2009,PER,18205.5,75.5
1200,2009,POL,730.249,80.1
1201,2009,PRT,933.803,82.8
1202,2009,ROU,663.7,77.7
1203,2009,SVK,762.0,79.1
1204,2009,SVN,719.063,82.7
1205,2009,SWE,293033.0,83.5
1206,2009,TUR,661.536,76.5
1207,2009,USA,4201.355,80.9
1208,2009,ZAF,213742.157,58.1
1209,2010,ARG,156957.26,79.1
1210,2010,AUS,119433.16,84.0
1211,2010,AUT,30243.651,83.5
1212,2010,BEL,37048.618,83.0
1213,2010,BGR,17.47,77.4
1214,2010,BRA,308737.0,76.3
1215,2010,CAN,54553.171,83.5
1216,2010,CHE,421.75,84.9
1217,2010,CHL,3095318.019,81.7
1218,2010,CHN,1728256.951,78.1
1219,2010,COL,28781971.385,77.9
1220,2010,CRI,403605.046,81.6
1221,2010,CZE,1941.408,80.9
1222,2010,DEU,51056.0,83.0
1223,2010,DNK,137.082,81.4
1224,2010,ESP,9260.0,85.5
1225,2010,EST,733.37,80.8
1226,2010,FIN,5084.855,83.5
1227,2010,FRA,8468.135,85.3
1228,2010,GBR,8224.856,82.3
1229,2010,GRC,3959.077,83.3
1230,2010,HRV,21.112,79.9
1231,2010,HUN,64.67,78.6
1232,2010,IDN,191569601.22,70.4
1233,2010,IND,2547056.962,68.2
1234,2010,IRL,13419.736,83.1
1235,2010,ISL,13614.925,84.1
1236,2010,ISR,2143.0,83.6
1237,2010,ITA,14442.0,84.7
1238,2010,JPN,5158482.664,86.3
1239,2010,KOR,6236858.634,83.6
1240,2010,LTU,371.275,78.9
1241,2010,LUX,7.975,83.5
1242,2010,LVA,122.89,78.0
1243,2010,MEX,248.22,77.9
1244,2010,NLD,26.0,83.0
1245,2010,NOR,44407.0,83.3
1246,2010,NZL,2332.566,82.7
1247,2010,PER,19839.8,75.7
1248,2010,POL,557.155,80.7
1249,2010,PRT,896.609,83.2
1250,2010,ROU,958.5,77.7
1251,2010,SVK,796.0,79.3
1252,2010,SVN,727.264,83.1
1253,2010,SWE,297309.0,83.6
1254,2010,TUR,588.464,76.8
1255,2010,USA,4292.633,81.0
1256,2010,ZAF,238141.718,59.7
1257,2011,ARG,205224.806,78.8
1258,2011,AUS,128076.772,84.2
1259,2011,AUT,31093.911,83.8
1260,2011,BEL,38962.969,83.3
1261,2011,BGR,17.767,77.8
1262,2011,BRA,340841.0,76.6
1263,2011,CAN,55875.056,83.7
1264,2011,CHE,427.333,85.0
1265,2011,CHL,3349570.406,81.9
1266,2011,CHN,2102362.852,78.3
1267,2011,COL,31881052.69,78.1
1268,2011,CRI,5893.775,81.6
1269,2011,CZE,2555.899,81.1
1270,2011,DEU,52563.0,83.1
1271,2011,DNK,147.98,81.9
1272,2011,ESP,9685.0,85.6
1273,2011,EST,767.768,81.3
1274,2011,FIN,5243.687,83.8
1275,2011,FRA,8973.913,85.7
1276,2011,GBR,8693.665,82.7
1277,2011,GRC,3631.746,83.6
1278,2011,HRV,0.138,80.4
1279,2011,HUN,80.904,78.7
1280,2011,IDN,234123560.343,70.4
1281,2011,IND,2836111.63,68.6
1282,2011,IRL,127.81,83.0
1283,2011,ISL,13666.295,84.1
1284,2011,ISR,2063.0,83.5
1285,2011,ITA,13697.0,84.8
1286,2011,JPN,5809691.567,85.9
1287,2011,KOR,6764190.437,84.0
1288,2011,LTU,396.032,79.3
1289,2011,LUX,8.383,83.6
1290,2011,LVA,137.172,78.8
1291,2011,MEX,271.012,78.0
1292,2011,NLD,25.0,83.1
1293,2011,NOR,50994.0,83.6
1294,2011,NZL,2453.597,82.9
1295,2011,PER,21348.9,75.9
1296,2011,POL,675.706,81.1
1297,2011,PRT,804.731,83.8
1298,2011,ROU,931.32,78.2
1299,2011,SVK,808.0,79.8
1300,2011,SVN,730.746,83.3
1301,2011,SWE,388316.0,83.8
1302,2011,TUR,648.236,77.1
1303,2011,USA,4281.89,81.1
1304,2011,ZAF,264312.063,61.3
1305,2012,ARG,259234.837,79.3
1306,2012,AUS,133284.574,84.3
1307,2012,AUT,32499.92,83.6
1308,2012,BEL,40556.253,83.1
1309,2012,BGR,60.672,77.9
1310,2012,BRA,372488.0,76.7
1311,2012,CAN,56926.904,83.8
1312,2012,CHE,430.818,84.9
1313,2012,CHL,3649728.629,82.1
1314,2012,CHN,2461174.315,78.6
1315,2012,COL,33215922.217,78.3
1316,2012,CRI,9628.957,81.9
1317,2012,CZE,3667.676,81.2
1318,2012,DEU,53631.0,83.1
1319,2012,DNK,156.769,82.1
1320,2012,ESP,10074.0,85.5
1321,2012,EST,826.081,81.5
1322,2012,FIN,5591.177,83.7
1323,2012,FRA,9263.434,85.4
1324,2012,GBR,9059.633,82.7
1325,2012,GRC,2641.546,83.4
1326,2012,HRV,0.194,80.6
1327,2012,HUN,283.812,78.7
1328,2012,IDN,251084959.796,70.6
1329,2012,IND,3310711.912,69.1
1330,2012,IRL,127.43,83.1
1331,2012,ISL,14165.37,84.3
1332,2012,ISR,2308.0,83.6
1333,2012,ITA,11245.0,84.8
1334,2012,JPN,5915661.803,86.4
1335,2012,KOR,7691420.638,84.2
1336,2012,LTU,464.294,79.6
1337,2012,LUX,26.499,83.8
1338,2012,LVA,132.298,78.9
1339,2012,MEX,297.557,78.0
1340,2012,NLD,29.0,83.0
1341,2012,NOR,52561.0,83.5
1342,2012,NZL,2574.629,83.0
1343,2012,PER,24114.4,76.3
1344,2012,POL,626.204,81.1
1345,2012,PRT,707.237,83.6
1346,2012,ROU,1025.342,78.1
1347,2012,SVK,846.979,79.9
1348,2012,SVN,742.305,83.3
1349,2012,SWE,401826.0,83.6
1350,2012,TUR,648.424,77.2
1351,2012,USA,4319.928,81.2
1352,2012,ZAF,285463.766,63.1
1353,2013,ARG,327497.315,80.0
1354,2013,AUS,139886.623,84.3
1355,2013,AUT,33316.59,83.8
1356,2013,BEL,41553.387,83.2
1357,2013,BGR,63.389,78.6
1358,2013,BRA,425282.0,76.9
1359,2013,CAN,58956.186,83.9
1360,2013,CHE,513.328,85.0
1361,2013,CHL,4172064.007,82.3
1362,2013,CHN,2811708.501,79.0
1363,2013,COL,10066.982,78.5
1364,2013,CRI,9172.476,82.1
1365,2013,CZE,3381.996,81.3
1366,2013,DEU,57729.0,83.0
1367,2013,DNK,143.525,82.4
1368,2013,ESP,10956.0,86.1
1369,2013,EST,885.94,81.7
1370,2013,FIN,6017.502,84.1
1371,2013,FRA,9813.818,85.6
1372,2013,GBR,9498.453,82.8
1373,2013,GRC,2531.501,84.0
1374,2013,HRV,0.164,81.0
1375,2013,HUN,458.924,79.1
1376,2013,IDN,273911814.638,70.8
1377,2013,IND,4211942.992,69.6
1378,2013,IRL,155.98,83.1
1379,2013,ISL,14639.993,83.7
1380,2013,ISR,2272.0,83.9
1381,2013,ITA,11375.0,85.2
1382,2013,JPN,6284744.16,86.6
1383,2013,KOR,8195070.017,84.6
1384,2013,LTU,452.27,79.6
1385,2013,LUX,27.746,83.9
1386,2013,LVA,129.931,78.9
1387,2013,MEX,315.457,78.0
1388,2013,NLD,29.0,83.2
1389,2013,NOR,56242.0,83.8
1390,2013,NZL,2695.661,83.2
1391,2013,PER,25997.47,76.7
1392,2013,POL,741.083,81.2
1393,2013,PRT,686.505,84.0
1394,2013,ROU,1140.998,78.7
1395,2013,SVK,856.015,80.1
1396,2013,SVN,745.963,83.6
1397,2013,SWE,416859.0,83.8
1398,2013,TUR,711.605,80.7
1399,2013,USA,4420.908,81.2
1400,2013,ZAF,313483.777,64.4
1401,2014,ARG,442857.149,79.9
1402,2014,AUS,159628.429,84.4
1403,2014,AUT,34540.891,84.0
1404,2014,BEL,42755.003,83.9
1405,2014,BGR,73.425,78.0
1406,2014,BRA,485226.416,77.1
1407,2014,CAN,60285.087,83.9
1408,2014,CHE,468.602,85.4
1409,2014,CHL,4762700.832,82.5
1410,2014,CHN,3089145.363,79.2
1411,2014,COL,11252.249,78.7
1412,2014,CRI,12503.963,82.3
1413,2014,CZE,4067.555,82.0
1414,2014,DEU,59798.0,83.6
1415,2014,DNK,133.4,82.8
1416,2014,ESP,11290.0,86.2
1417,2014,EST,954.231,81.9
1418,2014,FIN,6193.807,84.1
1419,2014,FRA,9934.244,86.1
1420,2014,GBR,9744.454,83.0
1421,2014,GRC,2146.36,84.1
1422,2014,HRV,0.139,81.0
1423,2014,HUN,66.679,79.4
1424,2014,IDN,313321556.115,71.3
1425,2014,IND,4512859.809,70.1
1426,2014,IRL,161.0,83.5
1427,2014,ISL,14356.735,84.5
1428,2014,ISR,2363.0,84.1
1429,2014,ITA,11533.0,85.6
1430,2014,JPN,6477012.601,86.8
1431,2014,KOR,9742402.217,85.0
1432,2014,LTU,477.917,80.1
1433,2014,LUX,29.694,85.2
1434,2014,LVA,145.23,79.4
1435,2014,MEX,352.474,77.8
1436,2014,NLD,29.0,83.5
1437,2014,NOR,61458.0,84.2
1438,2014,NZL,2931.833,83.2
1439,2014,PER,28591.62,77.1
1440,2014,POL,813.578,81.7
1441,2014,PRT,688.805,84.4
1442,2014,ROU,1177.936,78.7
1443,2014,SVK,643.63,80.5
1444,2014,SVN,723.883,84.1
1445,2014,SWE,437122.0,84.2
1446,2014,TUR,832.53,80.7
1447,2014,USA,4614.531,81.3
1448,2014,ZAF,325392.25,65.3
1449,2015,ARG,609107.005,80.0
1450,2015,AUS,168774.789,84.5
1451,2015,AUT,35692.347,83.7
1452,2015,BEL,44993.131,83.4
1453,2015,BGR,77.158,78.2
1454,2015,BRA,534182.667,77.4
1455,2015,CAN,61815.915,83.9
1456,2015,CHE,494.878,85.1
1457,2015,CHL,5464973.136,82.7
1458,2015,CHN,3417752.206,79.5
1459,2015,COL,13556.296,78.9
1460,2015,CRI,13898.437,82.4
1461,2015,CZE,4056.506,81.6
1462,2015,DEU,61696.0,83.1
1463,2015,DNK,139.84,82.7
1464,2015,ESP,11876.0,85.7
1465,2015,EST,1023.437,82.2
1466,2015,FIN,6609.581,84.4
1467,2015,FRA,10109.812,85.6
1468,2015,GBR,9996.456,82.7
1469,2015,GRC,2084.267,83.7
1470,2015,HRV,0.21,80.5
1471,2015,HUN,518.948,79.0
1472,2015,IDN,337062838.657,71.5
1473,2015,IND,4951896.257,70.6
1474,2015,IRL,156.36,83.4
1475,2015,ISL,15552.955,83.8
1476,2015,ISR,2519.0,84.1
1477,2015,ITA,11397.0,84.9
1478,2015,JPN,7075208.798,87.0
1479,2015,KOR,10131544.786,85.2
1480,2015,LTU,498.063,79.7
1481,2015,LUX,30.241,84.7
1482,2015,LVA,155.758,79.5
1483,2015,MEX,13754.054,77.6
1484,2015,NLD,29.0,83.2
1485,2015,NOR,67593.0,84.2
1486,2015,NZL,3168.005,83.3
1487,2015,PER,30344.076,77.4
1488,2015,POL,910.747,81.6
1489,2015,PRT,745.088,84.3
1490,2015,ROU,1517.692,78.6
1491,2015,SVK,711.519,80.2
1492,2015,SVN,739.454,83.9
1493,2015,SWE,460309.0,84.1
1494,2015,TUR,922.636,80.7
1495,2015,USA,4872.404,81.1
1496,2015,ZAF,356008.345,66.3
1497,2016,ARG,740690.533,80.2
1498,2016,AUS,177516.473,84.6
1499,2016,AUT,37020.512,84.1
1500,2016,BEL,46421.461,84.0
1501,2016,BGR,75.048,78.5
1502,2016,BRA,574835.65,77.6
1503,2016,CAN,62779.68,84.0
1504,2016,CHE,524.554,85.6
1505,2016,CHL,5994716.185,82.9
1506,2016,CHN,3714651.702,79.8
1507,2016,COL,15132.179,79.1
1508,2016,CRI,11851.708,82.6
1509,2016,CZE,4309.543,82.1
1510,2016,DEU,64018.0,83.5
1511,2016,DNK,147.0,82.8
1512,2016,ESP,12018.0,86.3
1513,2016,EST,1088.059,82.2
1514,2016,FIN,6607.459,84.4
1515,2016,FRA,4965.971,85.8
1516,2016,GBR,9634.935,82.9
1517,2016,GRC,2123.126,84.0
1518,2016,HRV,0.198,81.3
1519,2016,HUN,486.23,79.7
1520,2016,IDN,374714760.968,71.6
1521,2016,IND,5393709.164,71.1
1522,2016,IRL,162.97,83.6
1523,2016,ISL,15869.006,84.1
1524,2016,ISR,2872.0,84.2
1525,2016,ITA,11628.0,85.6
1526,2016,JPN,6783093.541,87.1
1527,2016,KOR,11371911.812,85.4
1528,2016,LTU,525.799,80.1
1529,2016,LUX,33.338,85.4
1530,2016,LVA,164.821,79.6
1531,2016,MEX,15382.387,77.7
1532,2016,NLD,30.0,83.2
1533,2016,NOR,69887.0,84.2
1534,2016,NZL,3404.177,83.4
1535,2016,PER,32724.067,77.7
1536,2016,POL,17.852,82.0
1537,2016,PRT,772.155,84.3
1538,2016,ROU,1822.485,79.0
1539,2016,SVK,712.808,80.7
1540,2016,SVN,768.992,84.3
1541,2016,SWE,479137.0,84.1
1542,2016,TUR,1044.524,80.7
1543,2016,USA,5140.657,81.1
1544,2016,ZAF,384552.722,66.8
1545,2017,ARG,1113168.411,79.7
1546,2017,AUS,186526.481,84.6
1547,2017,AUT,38354.628,84.0
1548,2017,BEL,48058.991,83.9
1549,2017,BGR,83.66,78.4
1550,2017,BRA,623727.209,77.8
1551,2017,CAN,64889.832,84.0
1552,2017,CHE,652.622,85.6
1553,2017,CHL,6496531.377,83.0
1554,2017,CHN,4199562.0,80.1
1555,2017,COL,15836.132,79.3
1556,2017,CRI,9397.466,82.7
1557,2017,CZE,4881.034,82.0
1558,2017,DEU,66022.0,83.4
1559,2017,DNK,168.966,83.1
1560,2017,ESP,12249.0,86.1
1561,2017,EST,1156.841,82.6
1562,2017,FIN,6861.277,84.5
1563,2017,FRA,4962.94,85.7
1564,2017,GBR,10635.716,83.0
1565,2017,GRC,2213.35,83.9
1566,2017,HRV,0.207,81.0
1567,2017,HUN,232.41,79.3
1568,2017,IDN,394671903.546,71.8
1569,2017,IND,5017595.562,71.5
1570,2017,IRL,155.85,84.0
1571,2017,ISL,16442.407,84.3
1572,2017,ISR,2792.0,84.6
1573,2017,ITA,12052.0,85.2
1574,2017,JPN,7004424.881,87.3
1575,2017,KOR,12506361.552,85.7
1576,2017,LTU,542.41,80.5
1577,2017,LUX,35.947,84.4
1578,2017,LVA,175.319,79.7
1579,2017,MEX,16801.263,77.8
1580,2017,NLD,30.0,83.4
1581,2017,NOR,73732.0,84.3
1582,2017,NZL,3540.391,83.4
1583,2017,PER,34327.35,78.0
1584,2017,POL,22.532,81.8
1585,2017,PRT,781.297,84.6
1586,2017,ROU,2170.189,79.0
1587,2017,SVK,738.78,80.7
1588,2017,SVN,792.524,84.0
1589,2017,SWE,498821.0,84.1
1590,2017,TUR,1079.547,80.8
1591,2017,USA,5422.98,81.1
1592,2017,ZAF,405093.007,67.8
